<?xml version="1.0" encoding="utf-8"?>
<MotorResponse_TypeDTO xmlns:xsi="http://www.w3.org/2001/XMLSchema-instance" xmlns:xsd="http://www.w3.org/2001/XMLSchema">
  <MessageID>3</MessageID>
  <MessageDescription>|
Tracking device compulsory for cover</MessageDescription>
  <AccidentRiskPremium>38912.26</AccidentRiskPremium>
  <TheftRiskPremium>1028.50</TheftRiskPremium>
  <StormRiskPremium>112.41</StormRiskPremium>
  <WindscreenRiskPremium>850.26</WindscreenRiskPremium>
  <RiskPremium>40903.43</RiskPremium>
  <TargetLossRatio>0.73</TargetLossRatio>
  <FixedCosts>344.88</FixedCosts>
  <Premium_Out>5429.89</Premium_Out>
  <AccidentFrequency_OwnDamage_TA>1</AccidentFrequency_OwnDamage_TA>
  <AccidentSeverity_OwnDamage_TA>1.14575</AccidentSeverity_OwnDamage_TA>
  <AccidentSeverity_Carhire_TA>0</AccidentSeverity_Carhire_TA>
  <AccidentFrequency_Thirdparty_TA>1</AccidentFrequency_Thirdparty_TA>
  <AccidentSeverity_Thirdparty_TA>1</AccidentSeverity_Thirdparty_TA>
  <TheftFrequency_TA>1</TheftFrequency_TA>
  <TheftSeverity_OwnDamage_TA>1.04534</TheftSeverity_OwnDamage_TA>
  <TheftSeverity_Carhire_TA>0</TheftSeverity_Carhire_TA>
  <StormFrequency_TA>1</StormFrequency_TA>
  <StormSeverity_OwnDamage_TA>1.11925</StormSeverity_OwnDamage_TA>
  <StormSeverity_Carhire_TA>0</StormSeverity_Carhire_TA>
  <WindscreenFrequency_TA>1</WindscreenFrequency_TA>
  <WindscreenSeverity_TA>1.10217</WindscreenSeverity_TA>
  <AccidentFrequency_OwnDamage>0.65221</AccidentFrequency_OwnDamage>
  <AccidentSeverity_OwnDamage>51760.52</AccidentSeverity_OwnDamage>
  <AccidentSeverity_Carhire>0</AccidentSeverity_Carhire>
  <AccidentFrequency_Thirdparty>1</AccidentFrequency_Thirdparty>
  <AccidentSeverity_Thirdparty>233.01</AccidentSeverity_Thirdparty>
  <TheftFrequency>0.65221</TheftFrequency>
  <TheftSeverity_OwnDamage>1508.54</TheftSeverity_OwnDamage>
  <TheftSeverity_Carhire>0</TheftSeverity_Carhire>
  <StormFrequency>0.65221</StormFrequency>
  <StormSeverity_OwnDamage>153.98</StormSeverity_OwnDamage>
  <StormSeverity_Carhire>0</StormSeverity_Carhire>
  <WindscreenFrequency>1</WindscreenFrequency>
  <WindscreenSeverity>771.45</WindscreenSeverity>
  <SumInsured_Out>503250.0</SumInsured_Out>
  <DiscountType_Out>P</DiscountType_Out>
  <DiscountAmount_Out>0.0</DiscountAmount_Out>
  <Discount_Loading_Out>D</Discount_Loading_Out>
  <LimitedPremium_Out>5429.89</LimitedPremium_Out>
  <FrequencyExcess_Out>0</FrequencyExcess_Out>
  <SeverityExcess_Out>4500</SeverityExcess_Out>
  <RE_Excess_Out>4500</RE_Excess_Out>
  <CoverOption_Out>5</CoverOption_Out>
  <LimitedExcess_Out>4500.0</LimitedExcess_Out>
  <QuoteNumber>SHL000012767</QuoteNumber>
  <ItemNumber>0</ItemNumber>
  <SpecialRatedPremium>3855.16</SpecialRatedPremium>
</MotorResponse_TypeDTO>