{"quoteID":"563af842-19d6-4e86-915f-67d9b2467b1e","quoteNumber":"SHL000013207","customerType":1,"subIntermediary":"","isCoverCancelled":false,"isUnderAdministration":false,"hasJudgement":false,"wasLiquidated":false,"previousInsurerId":0,"previousInsurerPremium":0.0,"itcConsent":true,"persons":[{"dateOfBirth":"1983-05-10T00:00:00","firstName":"Piet","identityNumber":"8305108362083","initials":"P","surname":"Pieters","gender":1,"identityDocumentType":0,"language":0,"maritalStatus":2,"nationality":1,"title":1,"isPensioner":false,"longStandingClient":false,"cardIssueNumber":null,"certificateNumber":null,"licenseExpiryDate":"0001-01-01T00:00:00","licenseIssueDate":"2003-08-11T09:14:04","hasComprehensiveInsurance":false,"licenceEndorsement":false,"loadLicence":false,"comprehensiveInsuranceDuration":0,"lastAccidentClaim":0,"lastStolenClaim":0,"licenseCode":6,"licenceRestriction":0,"licenceType":2,"professionalDrivingPermitCategory":0,"professionalDrivingPermitDateValidUntil":"0001-01-01T00:00:00","relationshipType":0,"isOnlyVehicle":false,"creditScore":46.0,"lapseScore":500.0,"lossRatioScore":340.0,"staff":false,"staffIsDirector":false,"criminal":false,"cashBackOption":0,"contentsCover":false,"Age":35.0},{"dateOfBirth":"1983-05-10T00:00:00","firstName":"Piet","identityNumber":"8305108362083","initials":"P","surname":"Pieters","gender":1,"identityDocumentType":0,"language":0,"maritalStatus":2,"nationality":1,"title":1,"isPensioner":false,"longStandingClient":false,"cardIssueNumber":null,"certificateNumber":null,"licenseExpiryDate":"2008-08-11T09:14:04","licenseIssueDate":"2003-08-11T09:14:04","hasComprehensiveInsurance":false,"licenceEndorsement":false,"loadLicence":false,"comprehensiveInsuranceDuration":0,"lastAccidentClaim":0,"lastStolenClaim":0,"licenseCode":6,"licenceRestriction":0,"licenceType":2,"professionalDrivingPermitCategory":0,"professionalDrivingPermitDateValidUntil":"0001-01-01T00:00:00","relationshipType":0,"isOnlyVehicle":false,"creditScore":46.0,"lapseScore":500.0,"lossRatioScore":340.0,"staff":false,"staffIsDirector":false,"criminal":false,"cashBackOption":0,"contentsCover":false,"Age":35.0}],"organisations":null,"cars":[{"premiumDetails":{"excessAmount":0.0,"personalLinePremium":0.0,"sasriaAmount":0.0,"totalPremium":0.0,"vatAmount":0.0},"carId":"8033cc41-4eae-4da5-8ebe-c4c36e882bbe","regularDriver":{"dateOfBirth":"1983-05-10T00:00:00","firstName":"Piet","identityNumber":"8305108362083","initials":"P","surname":"Pieters","gender":1,"identityDocumentType":0,"language":0,"maritalStatus":2,"nationality":1,"title":1,"isPensioner":false,"longStandingClient":false,"cardIssueNumber":null,"certificateNumber":null,"licenseExpiryDate":"2008-08-11T09:14:04","licenseIssueDate":"2003-08-11T09:14:04","hasComprehensiveInsurance":false,"licenceEndorsement":false,"loadLicence":false,"comprehensiveInsuranceDuration":0,"lastAccidentClaim":0,"lastStolenClaim":0,"licenseCode":6,"licenceRestriction":0,"licenceType":2,"professionalDrivingPermitCategory":0,"professionalDrivingPermitDateValidUntil":"0001-01-01T00:00:00","relationshipType":0,"isOnlyVehicle":false,"creditScore":46.0,"lapseScore":500.0,"lossRatioScore":340.0,"staff":false,"staffIsDirector":false,"criminal":false,"cashBackOption":0,"contentsCover":false,"Age":35.0},"registeredOwner":{"dateOfBirth":"1983-05-10T00:00:00","firstName":"Piet","identityNumber":"8305108362083","initials":"P","surname":"Pieters","gender":1,"identityDocumentType":0,"language":0,"maritalStatus":2,"nationality":1,"title":1,"isPensioner":false,"longStandingClient":false,"cardIssueNumber":null,"certificateNumber":null,"licenseExpiryDate":"0001-01-01T00:00:00","licenseIssueDate":"2003-08-11T09:14:04","hasComprehensiveInsurance":false,"licenceEndorsement":false,"loadLicence":false,"comprehensiveInsuranceDuration":0,"lastAccidentClaim":0,"lastStolenClaim":0,"licenseCode":6,"licenceRestriction":0,"licenceType":2,"professionalDrivingPermitCategory":0,"professionalDrivingPermitDateValidUntil":"0001-01-01T00:00:00","relationshipType":0,"isOnlyVehicle":false,"creditScore":46.0,"lapseScore":500.0,"lossRatioScore":340.0,"staff":false,"staffIsDirector":false,"criminal":false,"cashBackOption":0,"contentsCover":false,"Age":35.0},"mmCode":"26516305","year":2016,"make":"HYUNDAI","model":"GRAND i10 1.25 FLUID","series":null,"carItemNumber":"0","vehicleKilometer":0,"vehicleCondition":0,"colour":"Blue","isNewCar":false,"isFinanced":true,"financeCode":1,"financeHouse":null,"usage":0,"monthlyBusinessUse":0,"radioSumInsured":0,"performanceModification":false,"registrationNumber":null,"vinNumber":"52342KL345","engineNumber":"2345443","carhireOption":6,"creditShortfall":null,"waiverExcess":false,"hasHailCover":false,"coverEffectiveDate":"2018-10-01T00:00:00+02:00","sumInsured":142450.0,"hasTrackingDevice":1,"noClaimBonusYears":0,"residentSuburb":"","residentCode":0,"isGateLocked":false,"parkedUnderCarport":false,"hasImmobiliser":true,"owner":0,"parkedOvernight":8,"canopyCover":false,"canopySuminsured":0.0,"carPhoneSuminsured":0.0,"isCourtesyVehicle":false,"alarm":30,"existingDamage":false,"carryGoods":false,"isCodeIII":false,"isRebuild":false,"versionDate":"2018-10-01T00:00:00+02:00","cover":1,"isExistingItem":false,"excessOption":1,"noClaims12":0,"noClaims24":0,"noClaims36":0,"noOfClaims":0,"extrasValue":0.0,"policyFrequency":0,"discountDetails":{"discountType":2,"discountAmount":0.0,"discountLoading":1,"discountDiscretionary":false,"discountExpiryDate":"0001-01-01T00:00:00"},"coverOption":5,"currentExcess":0.0,"VolExcess":0.0,"userAmount":160000.0,"userTime":"2018-10-01T13:39:35.9633102+02:00","source":null,"itemStatus":1,"excessOptionChanged":false,"transmission":0,"newVehicle":false,"radius":15,"BusinessCategory":14,"driverType":1,"commodityCarrying":18,"crossBorder":3,"businessNature":1}],"buildings":[],"contents":[{"contentsAddressId":"09012478-2431-4755-841e-e73568925995","contentsId":"1ebf7fcd-1d0f-4e60-9d36-ab5b9f8ce3d9","applianceBreakdown":true,"controlledAccess":1,"highWallCode":17,"NCB":0,"hCoverTypeCode":1,"product":"00000000-0000-0000-0000-000000000000","score":0.0,"ppolFrequency":1,"thatch":3,"buildingComplete":true,"voluntaryExcess":1000.0,"renewalDate":"2019-09-01T22:00:00","policyStartDate":"2018-09-27T22:00:00","effectiveDate":"2018-10-01T00:00:00+02:00","noOfClaims":0,"discountDetails":{"discountType":2,"discountAmount":0.0,"discountLoading":1,"discountDiscretionary":false,"discountExpiryDate":"0001-01-01T00:00:00"},"premiumDetails":{"excessAmount":0.0,"personalLinePremium":0.0,"sasriaAmount":0.0,"totalPremium":0.0,"vatAmount":0.0},"source":null,"versionDate":"2018-10-01T00:00:00+02:00","freePa":0,"homeType":1,"homeArea":1,"wallType":1,"roofType":5,"insuredValue":500000.0,"alarm":2,"burglarBarType":4,"hasSecurityGates":true,"unoccupiedDays":13,"buildingUsage":1,"isCommune":false,"rentedBuilding":false,"hasElectricGates":true,"hasAccessControl":true,"itemNumber":0,"itemStatus":1,"ageOfPolicyHolder":35.0,"legal":false,"contentsFullyFurnished":false,"dwell100Water":0,"noOfClaims36Above5k":0,"noOfRoomMates":0}],"allRisk":[{"allRiskId":"902d3762-0ec3-4458-854a-3bbba2ff8147","subsection":0,"itemSumInsured":10000.0,"product":"00000000-0000-0000-0000-000000000000","area":4051,"voluntaryExcess":1000.0,"pPolFrequency":1,"aStorageLocation":1,"renewalDate":"2019-09-01T12:00:00","policyStartDate":"2018-09-27T12:00:00","effectiveDate":"2018-10-01T00:00:00+02:00","discountDetails":{"discountType":2,"discountAmount":0.0,"discountLoading":1,"discountDiscretionary":false,"discountExpiryDate":"0001-01-01T00:00:00"},"premiumDetails":{"excessAmount":0.0,"personalLinePremium":0.0,"sasriaAmount":0.0,"totalPremium":0.0,"vatAmount":0.0},"quoteNumber":"SHL000013207","source":null,"ageOfPolicyHolder":35.0,"itemStatus":1,"versionDate":"2018-10-01T00:00:00+02:00","freePa":null,"itemNumber":0,"productId":"00000000-0000-0000-0000-000000000000"}],"caravanTrailers":null,"addresses":[{"_addressType":2,"addressLine1":"23 Test Street","addressLine2":"DURBAN NORTH","addressLine3":"","addressLine4":"DURBAN","suburb":"","city":"DURBAN","province":"Kwazulu Natal","postalCode":"4051","addressId":"09012478-2431-4755-841e-e73568925995"}],"contact":null,"computers":null,"watercrafts":null,"motorCycles":null,"userDefinedQuoteId":"563af842-19d6-4e86-915f-67d9b2467b1e","itcScores":null,"brokerInformation":{"brokerId":"12345","brokerName":"Liberty","brokerUserId":"Liberty","brokerUsername":"Liberty"},"agentInformation":{"contactNumber":"123121","emailAddress":"","firstName":"","surname":"","userId":"100","username":null},"requestType":2,"personalAccident":null,"personalLiability":[]}