<?xml version="1.0" encoding="utf-8"?>
<AllRiskRequest_Type xmlns:xsi="http://www.w3.org/2001/XMLSchema-instance" xmlns:xsd="http://www.w3.org/2001/XMLSchema" xmlns="urn:standardbank.co.za:services:Business:Maven">
  <asubsection xmlns="">0</asubsection>
  <aItemSumInsured xmlns="">10000.0</aItemSumInsured>
  <product xmlns="">00000000-0000-0000-0000-000000000000</product>
  <area xmlns="">4051</area>
  <Staff xmlns="">N</Staff>
  <PpolFrequency xmlns="">M</PpolFrequency>
  <LossRatioScore xmlns="">340.0</LossRatioScore>
  <LapseScore xmlns="">500.0</LapseScore>
  <ageOfPolicyholder xmlns="">35.3976728268309</ageOfPolicyholder>
  <avoluntaryexcess xmlns="">1000.0</avoluntaryexcess>
  <RequestType xmlns="">Q</RequestType>
  <RenewalDate xmlns="">01-Sep-2019</RenewalDate>
  <PolicyStartDate xmlns="">27-Sep-2018</PolicyStartDate>
  <EffectiveDate xmlns="">01-Oct-2018</EffectiveDate>
  <StaffIsDirector xmlns="">N</StaffIsDirector>
  <DiscountType xmlns="">P</DiscountType>
  <DiscountAmount xmlns="">0.0</DiscountAmount>
  <Discount_Loading xmlns="">D</Discount_Loading>
  <DiscountDiscretionary xmlns="">N</DiscountDiscretionary>
  <DiscountExpiryDate xmlns="">01-Jan-0001</DiscountExpiryDate>
  <CurrentPremium xmlns="">0.0</CurrentPremium>
  <NoOfClaims xmlns="">0</NoOfClaims>
  <QuoteNumber xmlns="">SHL000013207</QuoteNumber>
  <ItemNumber xmlns="">0</ItemNumber>
  <CashBackOption xmlns="">0</CashBackOption>
  <CurrentExcess xmlns="">0.0</CurrentExcess>
  <AllRiskCount xmlns="">1</AllRiskCount>
  <BuildingCount xmlns="">0</BuildingCount>
  <CaravanCount xmlns="">0</CaravanCount>
  <ComputerCount xmlns="">0</ComputerCount>
  <ContentsCount xmlns="">1</ContentsCount>
  <MotorCount xmlns="">1</MotorCount>
  <MotorCycleCount xmlns="">0</MotorCycleCount>
  <PersonalAccidentCount xmlns="">0</PersonalAccidentCount>
  <WatercraftCount xmlns="">0</WatercraftCount>
  <Source xmlns="">Liberty</Source>
  <ItemStatus xmlns="">4</ItemStatus>
  <Judgments xmlns="">N</Judgments>
  <Criminal xmlns="">N</Criminal>
  <VersionDate xmlns="">01-Oct-2018</VersionDate>
  <StorageLocation xmlns="">1</StorageLocation>
</AllRiskRequest_Type>