<?xml version="1.0" encoding="utf-8"?>
<ContentsRequest_Type xmlns:xsi="http://www.w3.org/2001/XMLSchema-instance" xmlns:xsd="http://www.w3.org/2001/XMLSchema" xmlns="urn:standardbank.co.za:services:Business:Maven">
  <ageOfPolicyholder xmlns="">35.3976728268309</ageOfPolicyholder>
  <area xmlns="">4051</area>
  <HapplianceBreakdown xmlns="">Y</HapplianceBreakdown>
  <HArea xmlns="">1</HArea>
  <HBurglarAlarmCode xmlns="">2</HBurglarAlarmCode>
  <HBurglarBarsCode xmlns="">4</HBurglarBarsCode>
  <HControlledAccess xmlns="">1</HControlledAccess>
  <HHighWallCode xmlns="">17</HHighWallCode>
  <HItemSumInsured xmlns="">500000.0</HItemSumInsured>
  <HLiveInCommune xmlns="">N</HLiveInCommune>
  <HNCB xmlns="">0</HNCB>
  <HRent xmlns="">N</HRent>
  <HRoofConstrCode xmlns="">5</HRoofConstrCode>
  <HTypeOfDwellingCode xmlns="">1</HTypeOfDwellingCode>
  <HUnoccupied xmlns="">13</HUnoccupied>
  <product xmlns="">00000000-0000-0000-0000-000000000000</product>
  <HUseOfResidenceCode xmlns="">1</HUseOfResidenceCode>
  <HCoverTypeCode xmlns="">1</HCoverTypeCode>
  <score xmlns="">0.0</score>
  <Staff xmlns="">N</Staff>
  <PpolFrequency xmlns="">M</PpolFrequency>
  <LossRatioScore xmlns="">340.0</LossRatioScore>
  <LapseScore xmlns="">500.0</LapseScore>
  <Hvoluntaryexcess xmlns="">1000.0</Hvoluntaryexcess>
  <HThatch xmlns="">3</HThatch>
  <HBuildingComplete xmlns="">Y</HBuildingComplete>
  <EffectiveDate xmlns="">01-Oct-2018</EffectiveDate>
  <RequestType xmlns="">Q</RequestType>
  <RenewalDate xmlns="">01-Sep-2019</RenewalDate>
  <PolicyStartDate xmlns="">27-Sep-2018</PolicyStartDate>
  <StaffIsDirector xmlns="">N</StaffIsDirector>
  <DiscountType xmlns="">P</DiscountType>
  <DiscountAmount xmlns="">0.0</DiscountAmount>
  <Discount_Loading xmlns="">D</Discount_Loading>
  <DiscountDiscretionary xmlns="">N</DiscountDiscretionary>
  <DiscountExpiryDate xmlns="">01-Jan-0001</DiscountExpiryDate>
  <CurrentPremium xmlns="">0.0</CurrentPremium>
  <NoOfClaims xmlns="">0</NoOfClaims>
  <QuoteNumber xmlns="">SHL000013207</QuoteNumber>
  <ItemNumber xmlns="">0</ItemNumber>
  <Legal xmlns="">N</Legal>
  <ContentsFullyFurnished xmlns="">N</ContentsFullyFurnished>
  <Dwell100MWater xmlns="">3</Dwell100MWater>
  <NoOfClaims36Above5k xmlns="">0</NoOfClaims36Above5k>
  <NoOfRoomMates xmlns="">0</NoOfRoomMates>
  <SecurityGate xmlns="">17</SecurityGate>
  <CashBackOption xmlns="">0</CashBackOption>
  <CurrentExcess xmlns="">0.0</CurrentExcess>
  <AllRiskCount xmlns="">1</AllRiskCount>
  <BuildingCount xmlns="">0</BuildingCount>
  <CaravanCount xmlns="">0</CaravanCount>
  <ComputerCount xmlns="">0</ComputerCount>
  <ContentsCount xmlns="">1</ContentsCount>
  <MotorCount xmlns="">1</MotorCount>
  <MotorCycleCount xmlns="">0</MotorCycleCount>
  <PersonalAccidentCount xmlns="">0</PersonalAccidentCount>
  <WatercraftCount xmlns="">0</WatercraftCount>
  <Source xmlns="">Liberty</Source>
  <ItemStatus xmlns="">4</ItemStatus>
  <Judgments xmlns="">N</Judgments>
  <Criminal xmlns="">N</Criminal>
  <VersionDate xmlns="">01-Oct-2018</VersionDate>
  <FreePa xmlns="">0</FreePa>
</ContentsRequest_Type>