{"quoteID":"9e4caa79-5884-400d-81c6-f6a7e6fe9b0f","quoteNumber":"SHL000012724","customerType":1,"subIntermediary":"","isCoverCancelled":false,"isUnderAdministration":false,"hasJudgement":false,"wasLiquidated":false,"previousInsurerId":0,"previousInsurerPremium":0.0,"itcConsent":false,"persons":[{"dateOfBirth":"1990-11-27T00:00:00","firstName":"John","identityNumber":"9011275076085","initials":"T","surname":"Doe","gender":1,"identityDocumentType":0,"language":0,"maritalStatus":1,"nationality":1,"title":1,"isPensioner":false,"longStandingClient":false,"cardIssueNumber":null,"certificateNumber":null,"licenseExpiryDate":"0001-01-01T00:00:00","licenseIssueDate":"0001-01-01T00:00:00","hasComprehensiveInsurance":false,"licenceEndorsement":false,"loadLicence":false,"comprehensiveInsuranceDuration":0,"lastAccidentClaim":0,"lastStolenClaim":0,"licenseCode":0,"licenceRestriction":0,"licenceType":0,"professionalDrivingPermitCategory":0,"professionalDrivingPermitDateValidUntil":"0001-01-01T00:00:00","relationshipType":0,"isOnlyVehicle":false,"creditScore":46.0,"lapseScore":3.0,"lossRatioScore":34.0,"staff":false,"staffIsDirector":false,"criminal":false,"cashBackOption":0,"contentsCover":false,"Age":28.0}],"organisations":null,"cars":[],"buildings":[],"contents":[{"contentsAddressId":"580e1b05-e084-40b3-9c64-835ea7af6f5a","contentsId":"549f3880-32dd-4d4a-a3e8-167a9350e4fc","applianceBreakdown":false,"controlledAccess":9,"highWallCode":23,"NCB":8,"hCoverTypeCode":1,"product":"00000000-0000-0000-0000-000000000000","score":0.0,"ppolFrequency":0,"thatch":3,"buildingComplete":true,"voluntaryExcess":1000.0,"renewalDate":"2018-09-12T22:00:00","policyStartDate":"2017-09-18T22:00:00","effectiveDate":"2018-09-25T00:00:00+02:00","noOfClaims":6,"discountDetails":{"discountType":2,"discountAmount":0.0,"discountLoading":1,"discountDiscretionary":false,"discountExpiryDate":"0001-01-01T00:00:00"},"premiumDetails":{"excessAmount":0.0,"personalLinePremium":0.0,"sasriaAmount":0.0,"totalPremium":0.0,"vatAmount":0.0},"source":null,"versionDate":"2018-09-25T00:00:00+02:00","freePa":0,"homeType":8,"homeArea":7,"wallType":7,"roofType":8,"insuredValue":300000.0,"alarm":6,"burglarBarType":6,"hasSecurityGates":true,"unoccupiedDays":13,"buildingUsage":5,"isCommune":false,"rentedBuilding":false,"hasElectricGates":true,"hasAccessControl":true,"itemNumber":0,"itemStatus":1,"ageOfPolicyHolder":28.0,"legal":true,"contentsFullyFurnished":false,"dwell100Water":0,"noOfClaims36Above5k":0,"noOfRoomMates":0}],"allRisk":[],"caravanTrailers":null,"addresses":[{"_addressType":2,"addressLine1":"23 Test Street","addressLine2":"DURBAN NORTH","addressLine3":"","addressLine4":"DURBAN","suburb":"","city":"DURBAN","province":"Kwazulu Natal","postalCode":"4051","addressId":"580e1b05-e084-40b3-9c64-835ea7af6f5a"}],"contact":null,"computers":null,"watercrafts":null,"motorCycles":null,"userDefinedQuoteId":"9e4caa79-5884-400d-81c6-f6a7e6fe9b0f","itcScores":null,"brokerInformation":{"brokerId":"12345","brokerName":"Liberty","brokerUserId":"Liberty","brokerUsername":"Liberty"},"agentInformation":{"contactNumber":"123121","emailAddress":"","firstName":"","surname":"","userId":"100","username":null},"requestType":2,"personalAccident":null,"personalLiability":[]}