<?xml version="1.0" encoding="utf-8"?>
<MotorResponse_TypeDTO xmlns:xsi="http://www.w3.org/2001/XMLSchema-instance" xmlns:xsd="http://www.w3.org/2001/XMLSchema">
  <MessageID>1</MessageID>
  <MessageDescription>Your request was successfully processed!</MessageDescription>
  <AccidentRiskPremium>20168.88</AccidentRiskPremium>
  <TheftRiskPremium>1002.59</TheftRiskPremium>
  <StormRiskPremium>260.75</StormRiskPremium>
  <WindscreenRiskPremium>443.36</WindscreenRiskPremium>
  <RiskPremium>21875.58</RiskPremium>
  <TargetLossRatio>0.73</TargetLossRatio>
  <FixedCosts>344.88</FixedCosts>
  <Premium_Out>2925.08</Premium_Out>
  <AccidentFrequency_OwnDamage_TA>1</AccidentFrequency_OwnDamage_TA>
  <AccidentSeverity_OwnDamage_TA>1.15135</AccidentSeverity_OwnDamage_TA>
  <AccidentSeverity_Carhire_TA>0</AccidentSeverity_Carhire_TA>
  <AccidentFrequency_Thirdparty_TA>1</AccidentFrequency_Thirdparty_TA>
  <AccidentSeverity_Thirdparty_TA>1</AccidentSeverity_Thirdparty_TA>
  <TheftFrequency_TA>1</TheftFrequency_TA>
  <TheftSeverity_OwnDamage_TA>1.04534</TheftSeverity_OwnDamage_TA>
  <TheftSeverity_Carhire_TA>0</TheftSeverity_Carhire_TA>
  <StormFrequency_TA>1</StormFrequency_TA>
  <StormSeverity_OwnDamage_TA>1.11925</StormSeverity_OwnDamage_TA>
  <StormSeverity_Carhire_TA>0</StormSeverity_Carhire_TA>
  <WindscreenFrequency_TA>1</WindscreenFrequency_TA>
  <WindscreenSeverity_TA>1.10217</WindscreenSeverity_TA>
  <AccidentFrequency_OwnDamage>0.74981</AccidentFrequency_OwnDamage>
  <AccidentSeverity_OwnDamage>23115.14</AccidentSeverity_OwnDamage>
  <AccidentSeverity_Carhire>0</AccidentSeverity_Carhire>
  <AccidentFrequency_Thirdparty>1</AccidentFrequency_Thirdparty>
  <AccidentSeverity_Thirdparty>213.63</AccidentSeverity_Thirdparty>
  <TheftFrequency>0.74981</TheftFrequency>
  <TheftSeverity_OwnDamage>1279.14</TheftSeverity_OwnDamage>
  <TheftSeverity_Carhire>0</TheftSeverity_Carhire>
  <StormFrequency>0.74981</StormFrequency>
  <StormSeverity_OwnDamage>310.70</StormSeverity_OwnDamage>
  <StormSeverity_Carhire>0</StormSeverity_Carhire>
  <WindscreenFrequency>1</WindscreenFrequency>
  <WindscreenSeverity>402.26</WindscreenSeverity>
  <SumInsured_Out>209950.0</SumInsured_Out>
  <DiscountType_Out>P</DiscountType_Out>
  <DiscountAmount_Out>0.0</DiscountAmount_Out>
  <Discount_Loading_Out>D</Discount_Loading_Out>
  <LimitedPremium_Out>2925.08</LimitedPremium_Out>
  <FrequencyExcess_Out>0</FrequencyExcess_Out>
  <SeverityExcess_Out>3000</SeverityExcess_Out>
  <RE_Excess_Out>3000</RE_Excess_Out>
  <CoverOption_Out>5</CoverOption_Out>
  <LimitedExcess_Out>3000.0</LimitedExcess_Out>
  <QuoteNumber>SHL000163746</QuoteNumber>
  <ItemNumber>0</ItemNumber>
  <SpecialRatedPremium>2567.88</SpecialRatedPremium>
</MotorResponse_TypeDTO>