{"quoteID":"aaa40a7e-421b-434d-9a9b-1e764dba3e45","quoteNumber":"SHL000012981","customerType":1,"subIntermediary":"","isCoverCancelled":false,"isUnderAdministration":false,"hasJudgement":false,"wasLiquidated":false,"previousInsurerId":0,"previousInsurerPremium":0.0,"itcConsent":false,"persons":[{"dateOfBirth":"1990-11-27T00:00:00","firstName":"John","identityNumber":"9011275076085","initials":"T","surname":"Doe","gender":1,"identityDocumentType":0,"language":0,"maritalStatus":1,"nationality":1,"title":1,"isPensioner":false,"longStandingClient":false,"cardIssueNumber":null,"certificateNumber":null,"licenseExpiryDate":"0001-01-01T00:00:00","licenseIssueDate":"2010-08-11T09:14:04","hasComprehensiveInsurance":false,"licenceEndorsement":false,"loadLicence":false,"comprehensiveInsuranceDuration":0,"lastAccidentClaim":0,"lastStolenClaim":0,"licenseCode":6,"licenceRestriction":0,"licenceType":2,"professionalDrivingPermitCategory":0,"professionalDrivingPermitDateValidUntil":"0001-01-01T00:00:00","relationshipType":0,"isOnlyVehicle":false,"creditScore":46.0,"lapseScore":3.0,"lossRatioScore":34.0,"staff":false,"staffIsDirector":false,"criminal":false,"cashBackOption":0,"contentsCover":false,"Age":28.0},{"dateOfBirth":"1990-11-27T00:00:00","firstName":"John","identityNumber":"9011275076085","initials":"T","surname":"Doe","gender":1,"identityDocumentType":0,"language":0,"maritalStatus":1,"nationality":1,"title":1,"isPensioner":false,"longStandingClient":false,"cardIssueNumber":null,"certificateNumber":null,"licenseExpiryDate":"2015-08-11T09:14:04","licenseIssueDate":"2010-08-11T09:14:04","hasComprehensiveInsurance":false,"licenceEndorsement":false,"loadLicence":false,"comprehensiveInsuranceDuration":0,"lastAccidentClaim":0,"lastStolenClaim":0,"licenseCode":6,"licenceRestriction":0,"licenceType":2,"professionalDrivingPermitCategory":0,"professionalDrivingPermitDateValidUntil":"0001-01-01T00:00:00","relationshipType":0,"isOnlyVehicle":false,"creditScore":46.0,"lapseScore":3.0,"lossRatioScore":34.0,"staff":false,"staffIsDirector":false,"criminal":false,"cashBackOption":0,"contentsCover":false,"Age":28.0}],"organisations":null,"cars":[{"premiumDetails":{"excessAmount":0.0,"personalLinePremium":0.0,"sasriaAmount":0.0,"totalPremium":0.0,"vatAmount":0.0},"carId":"06a6d03b-043b-4b1c-862d-01b3252ff16f","regularDriver":{"dateOfBirth":"1990-11-27T00:00:00","firstName":"John","identityNumber":"9011275076085","initials":"T","surname":"Doe","gender":1,"identityDocumentType":0,"language":0,"maritalStatus":1,"nationality":1,"title":1,"isPensioner":false,"longStandingClient":false,"cardIssueNumber":null,"certificateNumber":null,"licenseExpiryDate":"2015-08-11T09:14:04","licenseIssueDate":"2010-08-11T09:14:04","hasComprehensiveInsurance":false,"licenceEndorsement":false,"loadLicence":false,"comprehensiveInsuranceDuration":0,"lastAccidentClaim":0,"lastStolenClaim":0,"licenseCode":6,"licenceRestriction":0,"licenceType":2,"professionalDrivingPermitCategory":0,"professionalDrivingPermitDateValidUntil":"0001-01-01T00:00:00","relationshipType":0,"isOnlyVehicle":false,"creditScore":46.0,"lapseScore":3.0,"lossRatioScore":34.0,"staff":false,"staffIsDirector":false,"criminal":false,"cashBackOption":0,"contentsCover":false,"Age":28.0},"registeredOwner":{"dateOfBirth":"1990-11-27T00:00:00","firstName":"John","identityNumber":"9011275076085","initials":"T","surname":"Doe","gender":1,"identityDocumentType":0,"language":0,"maritalStatus":1,"nationality":1,"title":1,"isPensioner":false,"longStandingClient":false,"cardIssueNumber":null,"certificateNumber":null,"licenseExpiryDate":"0001-01-01T00:00:00","licenseIssueDate":"2010-08-11T09:14:04","hasComprehensiveInsurance":false,"licenceEndorsement":false,"loadLicence":false,"comprehensiveInsuranceDuration":0,"lastAccidentClaim":0,"lastStolenClaim":0,"licenseCode":6,"licenceRestriction":0,"licenceType":2,"professionalDrivingPermitCategory":0,"professionalDrivingPermitDateValidUntil":"0001-01-01T00:00:00","relationshipType":0,"isOnlyVehicle":false,"creditScore":46.0,"lapseScore":3.0,"lossRatioScore":34.0,"staff":false,"staffIsDirector":false,"criminal":false,"cashBackOption":0,"contentsCover":false,"Age":28.0},"mmCode":"26516305","year":2016,"make":"HYUNDAI","model":"GRAND i10 1.25 FLUID","series":null,"carItemNumber":"0","vehicleKilometer":0,"vehicleCondition":0,"colour":"Blue","isNewCar":false,"isFinanced":false,"financeCode":17,"financeHouse":null,"usage":6,"monthlyBusinessUse":0,"radioSumInsured":0,"performanceModification":false,"registrationNumber":null,"vinNumber":"52342212345","engineNumber":"23454323443","carhireOption":1,"creditShortfall":null,"waiverExcess":false,"hasHailCover":false,"coverEffectiveDate":"2018-09-27T00:00:00+02:00","sumInsured":142900.0,"hasTrackingDevice":12,"noClaimBonusYears":0,"residentSuburb":"","residentCode":0,"isGateLocked":false,"parkedUnderCarport":false,"hasImmobiliser":false,"owner":0,"parkedOvernight":8,"canopyCover":false,"canopySuminsured":0.0,"carPhoneSuminsured":0.0,"isCourtesyVehicle":false,"alarm":30,"existingDamage":false,"carryGoods":false,"isCodeIII":false,"isRebuild":false,"versionDate":"2018-09-27T00:00:00+02:00","cover":1,"isExistingItem":false,"excessOption":1,"noClaims12":1,"noClaims24":2,"noClaims36":3,"noOfClaims":6,"extrasValue":0.0,"policyFrequency":0,"discountDetails":{"discountType":2,"discountAmount":0.0,"discountLoading":1,"discountDiscretionary":false,"discountExpiryDate":"0001-01-01T00:00:00"},"coverOption":5,"currentExcess":0.0,"VolExcess":0.0,"userAmount":0.0,"userTime":"2018-09-27T10:12:05.5709736+02:00","source":null,"itemStatus":1,"excessOptionChanged":false,"transmission":0,"newVehicle":false,"radius":0,"BusinessCategory":0,"driverType":0,"commodityCarrying":0,"crossBorder":0,"businessNature":0}],"buildings":[],"contents":[{"contentsAddressId":"5a8d50ae-6149-449b-b240-34d2d4a752de","contentsId":"781c483e-1623-4088-a6ad-77b6e5192cbd","applianceBreakdown":false,"controlledAccess":9,"highWallCode":23,"NCB":8,"hCoverTypeCode":1,"product":"00000000-0000-0000-0000-000000000000","score":0.0,"ppolFrequency":0,"thatch":3,"buildingComplete":true,"voluntaryExcess":1000.0,"renewalDate":"2019-08-30T22:00:00","policyStartDate":"2018-09-30T22:00:00","effectiveDate":"2018-09-30T08:30:02.707Z","noOfClaims":6,"discountDetails":{"discountType":2,"discountAmount":0.0,"discountLoading":1,"discountDiscretionary":false,"discountExpiryDate":"0001-01-01T00:00:00"},"premiumDetails":{"excessAmount":0.0,"personalLinePremium":0.0,"sasriaAmount":0.0,"totalPremium":0.0,"vatAmount":0.0},"source":null,"versionDate":"2018-09-30T08:30:02.707Z","freePa":0,"homeType":8,"homeArea":7,"wallType":7,"roofType":8,"insuredValue":300000.0,"alarm":6,"burglarBarType":6,"hasSecurityGates":true,"unoccupiedDays":13,"buildingUsage":5,"isCommune":false,"rentedBuilding":false,"hasElectricGates":true,"hasAccessControl":true,"itemNumber":0,"itemStatus":1,"ageOfPolicyHolder":28.0,"legal":true,"contentsFullyFurnished":false,"dwell100Water":0,"noOfClaims36Above5k":0,"noOfRoomMates":0}],"allRisk":[{"allRiskId":"e455b3a0-7c9c-4c5b-a834-d42fb64a963b","subsection":0,"itemSumInsured":10000.0,"product":"00000000-0000-0000-0000-000000000000","area":7460,"voluntaryExcess":0.0,"pPolFrequency":1,"aStorageLocation":1,"renewalDate":"2019-08-30T12:00:00","policyStartDate":"2018-09-30T12:00:00","effectiveDate":"2018-09-29T08:30:02.707Z","discountDetails":{"discountType":2,"discountAmount":0.0,"discountLoading":1,"discountDiscretionary":false,"discountExpiryDate":"0001-01-01T00:00:00"},"premiumDetails":{"excessAmount":0.0,"personalLinePremium":0.0,"sasriaAmount":0.0,"totalPremium":0.0,"vatAmount":0.0},"quoteNumber":"SHL000012981","source":null,"ageOfPolicyHolder":28.0,"itemStatus":1,"versionDate":"2018-09-29T08:30:02.707Z","freePa":null,"itemNumber":0,"productId":"00000000-0000-0000-0000-000000000000"}],"caravanTrailers":null,"addresses":[{"_addressType":2,"addressLine1":"23 Test Street","addressLine2":"DURBAN NORTH","addressLine3":"","addressLine4":"DURBAN","suburb":"","city":"DURBAN","province":"Kwazulu Natal","postalCode":"4051","addressId":"5a8d50ae-6149-449b-b240-34d2d4a752de"}],"contact":null,"computers":null,"watercrafts":null,"motorCycles":null,"userDefinedQuoteId":"aaa40a7e-421b-434d-9a9b-1e764dba3e45","itcScores":null,"brokerInformation":{"brokerId":"12345","brokerName":"Liberty","brokerUserId":"Liberty","brokerUsername":"Liberty"},"agentInformation":{"contactNumber":"123121","emailAddress":"","firstName":"","surname":"","userId":"100","username":null},"requestType":2,"personalAccident":null,"personalLiability":[]}