<?xml version="1.0" encoding="utf-8"?>
<MotorRequest_Type xmlns:xsi="http://www.w3.org/2001/XMLSchema-instance" xmlns:xsd="http://www.w3.org/2001/XMLSchema" xmlns="urn:standardbank.co.za:services:Business:Maven">
  <CompanyCode xmlns="" />
  <EffectiveDate xmlns="">27-Sep-2018</EffectiveDate>
  <ForcedDebit xmlns="" />
  <Suminsured xmlns="">142900.0</Suminsured>
  <RadioSuminsured xmlns="">0</RadioSuminsured>
  <TrackingDevice xmlns="">12</TrackingDevice>
  <DriverAge xmlns="">27.8357289527721</DriverAge>
  <NCB xmlns="">0</NCB>
  <Pensioner xmlns="">N</Pensioner>
  <TypeOfUse xmlns="">6</TypeOfUse>
  <Immobiliser xmlns="">N</Immobiliser>
  <Cover xmlns="">1</Cover>
  <Sex xmlns="">M</Sex>
  <Construction xmlns="" />
  <ParkedOvernight xmlns="">8</ParkedOvernight>
  <Carport xmlns="">N</Carport>
  <LockedGate xmlns="">N</LockedGate>
  <Owner xmlns="" />
  <LicenseEndorsed xmlns="">N</LicenseEndorsed>
  <ContentsCover xmlns="">N</ContentsCover>
  <ChassisNo xmlns="" />
  <LicenseIssued xmlns="">11-Aug-2010</LicenseIssued>
  <YearOfManufacture xmlns="">2016</YearOfManufacture>
  <MeadCode xmlns="">26516305</MeadCode>
  <ResidentSuburb xmlns="" />
  <ResidentCode xmlns="">0</ResidentCode>
  <CanopyCover xmlns="">N</CanopyCover>
  <CanopySuminsured xmlns="">0.0</CanopySuminsured>
  <CarPhoneSuminsured xmlns="">0.0</CarPhoneSuminsured>
  <CourtesyVehicle xmlns="">N</CourtesyVehicle>
  <ClaimCount xmlns="">6</ClaimCount>
  <WaiverExcess xmlns="">N</WaiverExcess>
  <Annual xmlns="">M</Annual>
  <LongStandingClient xmlns="">N</LongStandingClient>
  <LoadLicense xmlns="">N</LoadLicense>
  <Married xmlns="">1</Married>
  <IsExistingItem xmlns="">N</IsExistingItem>
  <IsOnlyVehicle xmlns="">N</IsOnlyVehicle>
  <Staff xmlns="">N</Staff>
  <Alarm xmlns="">30</Alarm>
  <FinanceCode xmlns="">17</FinanceCode>
  <VolExcess xmlns="">0.0</VolExcess>
  <RequestType xmlns="">Q</RequestType>
  <Modified xmlns="">N</Modified>
  <CodeIII xmlns="">N</CodeIII>
  <Rebuild xmlns="">N</Rebuild>
  <ExistingDamage xmlns="">N</ExistingDamage>
  <CarryGoods xmlns="">N</CarryGoods>
  <ExtrasValue xmlns="">0.0</ExtrasValue>
  <VehicleOwner xmlns="" />
  <NoClaims12 xmlns="">1</NoClaims12>
  <NoClaims24 xmlns="">2</NoClaims24>
  <NoClaims36 xmlns="">3</NoClaims36>
  <LicenceCode xmlns="">EB</LicenceCode>
  <CreditScore xmlns="">46.0</CreditScore>
  <LapseScore xmlns="">3.0</LapseScore>
  <LossRatioScore xmlns="">34.0</LossRatioScore>
  <StaffIsDirector xmlns="">N</StaffIsDirector>
  <DiscountType xmlns="">P</DiscountType>
  <DiscountAmount xmlns="">0.0</DiscountAmount>
  <Discount_Loading xmlns="">D</Discount_Loading>
  <DiscountDiscretionary xmlns="">N</DiscountDiscretionary>
  <CurrentPremium xmlns="">0.0</CurrentPremium>
  <NoOfClaims xmlns="">6</NoOfClaims>
  <QuoteNumber xmlns="">SHL000012981</QuoteNumber>
  <ItemNumber xmlns="">0</ItemNumber>
  <CashBackOption xmlns="">0</CashBackOption>
  <CarhireOption xmlns="">1</CarhireOption>
  <CoverOption xmlns="">5</CoverOption>
  <ExcessOption xmlns="">1</ExcessOption>
  <CurrentExcess xmlns="">0.0</CurrentExcess>
  <UserAmount xmlns="">0</UserAmount>
  <UserTime xmlns="">0</UserTime>
  <AllRiskCount xmlns="">1</AllRiskCount>
  <BuildingCount xmlns="">0</BuildingCount>
  <CaravanCount xmlns="">0</CaravanCount>
  <ComputerCount xmlns="">0</ComputerCount>
  <ContentsCount xmlns="">1</ContentsCount>
  <MotorCount xmlns="">1</MotorCount>
  <MotorCycleCount xmlns="">0</MotorCycleCount>
  <PersonalAccidentCount xmlns="">0</PersonalAccidentCount>
  <WatercraftCount xmlns="">0</WatercraftCount>
  <Source xmlns="">Liberty</Source>
  <ItemStatus xmlns="">4</ItemStatus>
  <ExcessOptionChanged xmlns="">N</ExcessOptionChanged>
  <Judgments xmlns="">N</Judgments>
  <Criminal xmlns="">N</Criminal>
  <VersionDate xmlns="">27-Sep-2018</VersionDate>
  <FreePa xmlns="">0</FreePa>
  <OwnerMaritalStatus xmlns="">1</OwnerMaritalStatus>
  <Transmission xmlns="">0</Transmission>
  <NewVehicle xmlns="">N</NewVehicle>
  <Radius xmlns="">0</Radius>
  <DriverType xmlns="">0</DriverType>
  <CommodityCarrying xmlns="">0</CommodityCarrying>
  <BusinessCategory xmlns="">0</BusinessCategory>
  <BusinessNature xmlns="">0</BusinessNature>
  <CrossBorder xmlns="">0</CrossBorder>
</MotorRequest_Type>