{"quoteID":"eef21531-535a-4d47-bb3f-3e480ebcc35f","quoteNumber":"SHL000012740","customerType":1,"subIntermediary":"","isCoverCancelled":false,"isUnderAdministration":false,"hasJudgement":false,"wasLiquidated":false,"previousInsurerId":0,"previousInsurerPremium":0.0,"itcConsent":false,"persons":[{"dateOfBirth":"1990-11-27T00:00:00","firstName":"John","identityNumber":"9011275076085","initials":"T","surname":"Doe","gender":1,"identityDocumentType":0,"language":0,"maritalStatus":1,"nationality":1,"title":1,"isPensioner":false,"longStandingClient":false,"cardIssueNumber":null,"certificateNumber":null,"licenseExpiryDate":"0001-01-01T00:00:00","licenseIssueDate":"2010-08-11T09:14:04","hasComprehensiveInsurance":false,"licenceEndorsement":false,"loadLicence":false,"comprehensiveInsuranceDuration":0,"lastAccidentClaim":0,"lastStolenClaim":0,"licenseCode":6,"licenceRestriction":0,"licenceType":2,"professionalDrivingPermitCategory":0,"professionalDrivingPermitDateValidUntil":"0001-01-01T00:00:00","relationshipType":0,"isOnlyVehicle":false,"creditScore":46.0,"lapseScore":3.0,"lossRatioScore":34.0,"staff":false,"staffIsDirector":false,"criminal":false,"cashBackOption":0,"contentsCover":false,"Age":28.0},{"dateOfBirth":"1990-11-27T00:00:00","firstName":"John","identityNumber":"9011275076085","initials":"T","surname":"Doe","gender":1,"identityDocumentType":0,"language":0,"maritalStatus":1,"nationality":1,"title":1,"isPensioner":false,"longStandingClient":false,"cardIssueNumber":null,"certificateNumber":null,"licenseExpiryDate":"2015-08-11T09:14:04","licenseIssueDate":"2010-08-11T09:14:04","hasComprehensiveInsurance":false,"licenceEndorsement":false,"loadLicence":false,"comprehensiveInsuranceDuration":0,"lastAccidentClaim":0,"lastStolenClaim":0,"licenseCode":6,"licenceRestriction":0,"licenceType":2,"professionalDrivingPermitCategory":0,"professionalDrivingPermitDateValidUntil":"0001-01-01T00:00:00","relationshipType":0,"isOnlyVehicle":false,"creditScore":46.0,"lapseScore":3.0,"lossRatioScore":34.0,"staff":false,"staffIsDirector":false,"criminal":false,"cashBackOption":0,"contentsCover":false,"Age":28.0}],"organisations":null,"cars":[{"premiumDetails":{"excessAmount":0.0,"personalLinePremium":0.0,"sasriaAmount":0.0,"totalPremium":0.0,"vatAmount":0.0},"carId":"7efae5cd-8316-4f7f-a121-491dec094528","regularDriver":{"dateOfBirth":"1990-11-27T00:00:00","firstName":"John","identityNumber":"9011275076085","initials":"T","surname":"Doe","gender":1,"identityDocumentType":0,"language":0,"maritalStatus":1,"nationality":1,"title":1,"isPensioner":false,"longStandingClient":false,"cardIssueNumber":null,"certificateNumber":null,"licenseExpiryDate":"2015-08-11T09:14:04","licenseIssueDate":"2010-08-11T09:14:04","hasComprehensiveInsurance":false,"licenceEndorsement":false,"loadLicence":false,"comprehensiveInsuranceDuration":0,"lastAccidentClaim":0,"lastStolenClaim":0,"licenseCode":6,"licenceRestriction":0,"licenceType":2,"professionalDrivingPermitCategory":0,"professionalDrivingPermitDateValidUntil":"0001-01-01T00:00:00","relationshipType":0,"isOnlyVehicle":false,"creditScore":46.0,"lapseScore":3.0,"lossRatioScore":34.0,"staff":false,"staffIsDirector":false,"criminal":false,"cashBackOption":0,"contentsCover":false,"Age":28.0},"registeredOwner":{"dateOfBirth":"1990-11-27T00:00:00","firstName":"John","identityNumber":"9011275076085","initials":"T","surname":"Doe","gender":1,"identityDocumentType":0,"language":0,"maritalStatus":1,"nationality":1,"title":1,"isPensioner":false,"longStandingClient":false,"cardIssueNumber":null,"certificateNumber":null,"licenseExpiryDate":"0001-01-01T00:00:00","licenseIssueDate":"2010-08-11T09:14:04","hasComprehensiveInsurance":false,"licenceEndorsement":false,"loadLicence":false,"comprehensiveInsuranceDuration":0,"lastAccidentClaim":0,"lastStolenClaim":0,"licenseCode":6,"licenceRestriction":0,"licenceType":2,"professionalDrivingPermitCategory":0,"professionalDrivingPermitDateValidUntil":"0001-01-01T00:00:00","relationshipType":0,"isOnlyVehicle":false,"creditScore":46.0,"lapseScore":3.0,"lossRatioScore":34.0,"staff":false,"staffIsDirector":false,"criminal":false,"cashBackOption":0,"contentsCover":false,"Age":28.0},"mmCode":"22084101","year":2016,"make":"FORD","model":"KUGA 1.5 ECOBOOST AMBIENTE","series":null,"carItemNumber":"0","vehicleKilometer":0,"vehicleCondition":0,"colour":"Blue","isNewCar":false,"isFinanced":false,"financeCode":17,"financeHouse":null,"usage":6,"monthlyBusinessUse":0,"radioSumInsured":0,"performanceModification":false,"registrationNumber":null,"vinNumber":"52342212345","engineNumber":"23454323443","carhireOption":1,"creditShortfall":null,"waiverExcess":false,"hasHailCover":false,"coverEffectiveDate":"2018-09-25T00:00:00+02:00","sumInsured":248900.0,"hasTrackingDevice":12,"noClaimBonusYears":0,"residentSuburb":"","residentCode":0,"isGateLocked":false,"parkedUnderCarport":false,"hasImmobiliser":false,"owner":0,"parkedOvernight":8,"canopyCover":false,"canopySuminsured":0.0,"carPhoneSuminsured":0.0,"isCourtesyVehicle":false,"alarm":30,"existingDamage":false,"carryGoods":false,"isCodeIII":false,"isRebuild":false,"versionDate":"2018-09-25T00:00:00+02:00","cover":1,"isExistingItem":false,"excessOption":1,"noClaims12":1,"noClaims24":2,"noClaims36":3,"noOfClaims":6,"extrasValue":0.0,"policyFrequency":0,"discountDetails":{"discountType":2,"discountAmount":0.0,"discountLoading":1,"discountDiscretionary":false,"discountExpiryDate":"0001-01-01T00:00:00"},"coverOption":5,"currentExcess":0.0,"VolExcess":0.0,"userAmount":0.0,"userTime":"2018-09-25T10:29:21.7974799+02:00","source":null,"itemStatus":1,"excessOptionChanged":false,"transmission":0,"newVehicle":false,"radius":0,"BusinessCategory":0,"driverType":0,"commodityCarrying":0,"crossBorder":0,"businessNature":0}],"buildings":[],"contents":[],"allRisk":[],"caravanTrailers":null,"addresses":[{"_addressType":2,"addressLine1":"23 Test Street","addressLine2":"DURBAN NORTH","addressLine3":"","addressLine4":"DURBAN","suburb":"","city":"DURBAN","province":"Kwazulu Natal","postalCode":"4051","addressId":"0df97336-1a87-4eda-9814-991906ca75bf"}],"contact":null,"computers":null,"watercrafts":null,"motorCycles":null,"userDefinedQuoteId":"eef21531-535a-4d47-bb3f-3e480ebcc35f","itcScores":null,"brokerInformation":{"brokerId":"12345","brokerName":"Liberty","brokerUserId":"Liberty","brokerUsername":"Liberty"},"agentInformation":{"contactNumber":"123121","emailAddress":"","firstName":"","surname":"","userId":"100","username":null},"requestType":2,"personalAccident":null,"personalLiability":[]}