<?xml version="1.0" encoding="utf-8"?>
<ContentsResponse xmlns:xsi="http://www.w3.org/2001/XMLSchema-instance" xmlns:xsd="http://www.w3.org/2001/XMLSchema" xmlns="urn:standardbank.co.za:services:Business:Maven">
  <MessageID xmlns="">3</MessageID>
  <MessageDescription xmlns="">|
Used for business purposess|
Roof constructed with thatch - Complete Questionaire|
Only some burglar bars|
Wood wall</MessageDescription>
  <AccidentFrequency xmlns="">1</AccidentFrequency>
  <AccidentSeverity xmlns="">266.90</AccidentSeverity>
  <TheftFrequency xmlns="">1</TheftFrequency>
  <TheftSeverity xmlns="">4573.25</TheftSeverity>
  <LightningFrequency xmlns="">1</LightningFrequency>
  <LightningSeverity xmlns="">84.02</LightningSeverity>
  <OtherFrequency xmlns="">1</OtherFrequency>
  <OtherSeverity xmlns="">2631.90</OtherSeverity>
  <AccidentFrequency_TA xmlns="">0.75</AccidentFrequency_TA>
  <AccidentSeverity_TA xmlns="">0.9</AccidentSeverity_TA>
  <TheftFrequency_TA xmlns="">0.75</TheftFrequency_TA>
  <TheftSeverity_TA xmlns="">0.91475</TheftSeverity_TA>
  <LightningFrequency_TA xmlns="">0.75</LightningFrequency_TA>
  <LightningSeverity_TA xmlns="">7.16762</LightningSeverity_TA>
  <OtherFrequency_TA xmlns="">0.75</OtherFrequency_TA>
  <OtherSeverity_TA xmlns="">0.85</OtherSeverity_TA>
  <AccidentRiskPremium xmlns="">180.16</AccidentRiskPremium>
  <TheftRiskPremium xmlns="">3,137.55</TheftRiskPremium>
  <LightningRiskPremium xmlns="">451.67</LightningRiskPremium>
  <OtherRiskPremium xmlns="">1,677.84</OtherRiskPremium>
  <RiskPremium xmlns="">5,447.22</RiskPremium>
  <TargetLossRatio xmlns="">0.61</TargetLossRatio>
  <FixedCosts xmlns="">134.64</FixedCosts>
  <Premium_Out xmlns="">876.21</Premium_Out>
  <SumInsured_Out xmlns="">300,000.00</SumInsured_Out>
  <DiscountType_Out xmlns="">P</DiscountType_Out>
  <DiscountAmount_Out xmlns="">0.00</DiscountAmount_Out>
  <Discount_Loading_Out xmlns="">D</Discount_Loading_Out>
  <LimitedPremium_Out xmlns="">876.21</LimitedPremium_Out>
  <FrequencyExcess_Out xmlns="">0.00</FrequencyExcess_Out>
  <SeverityExcess_Out xmlns="">500.00</SeverityExcess_Out>
  <RE_Excess_Out xmlns="">500.00</RE_Excess_Out>
  <LimitedExcess_Out xmlns="">500.0</LimitedExcess_Out>
  <QuoteNumber xmlns="">SHL000012724</QuoteNumber>
  <ItemNumber xmlns="">0</ItemNumber>
</ContentsResponse>