{"quoteID":"09b52589-268a-4d80-afeb-96d248c5224f","quoteNumber":"SHL000163883","customerType":1,"subIntermediary":"","isCoverCancelled":false,"isUnderAdministration":false,"hasJudgement":false,"wasLiquidated":false,"previousInsurerId":0,"previousInsurerPremium":0.0,"itcConsent":true,"persons":[{"dateOfBirth":"1987-02-02T00:00:00","firstName":"Priyal","identityNumber":"8702029176099","initials":"P","surname":"Duplusis","gender":1,"identityDocumentType":0,"language":0,"maritalStatus":2,"nationality":1,"title":1,"isPensioner":false,"longStandingClient":false,"cardIssueNumber":null,"certificateNumber":null,"licenseExpiryDate":"2020-08-11T09:14:04","licenseIssueDate":"2010-08-11T09:14:04","hasComprehensiveInsurance":false,"licenceEndorsement":false,"loadLicence":false,"comprehensiveInsuranceDuration":0,"lastAccidentClaim":0,"lastStolenClaim":0,"licenseCode":6,"licenceRestriction":0,"licenceType":2,"professionalDrivingPermitCategory":0,"professionalDrivingPermitDateValidUntil":"0001-01-01T00:00:00","relationshipType":0,"isOnlyVehicle":false,"creditScore":46.0,"lapseScore":3.0,"lossRatioScore":34.0,"staff":false,"staffIsDirector":false,"criminal":false,"cashBackOption":0,"contentsCover":false,"Age":31.0},{"dateOfBirth":"1987-02-02T00:00:00","firstName":"Priyal","identityNumber":"8702029176099","initials":"P","surname":"Duplusis","gender":1,"identityDocumentType":0,"language":0,"maritalStatus":2,"nationality":1,"title":1,"isPensioner":false,"longStandingClient":false,"cardIssueNumber":null,"certificateNumber":null,"licenseExpiryDate":"2020-08-11T09:14:04","licenseIssueDate":"2010-08-11T09:14:04","hasComprehensiveInsurance":false,"licenceEndorsement":false,"loadLicence":false,"comprehensiveInsuranceDuration":0,"lastAccidentClaim":0,"lastStolenClaim":0,"licenseCode":6,"licenceRestriction":0,"licenceType":2,"professionalDrivingPermitCategory":0,"professionalDrivingPermitDateValidUntil":"0001-01-01T00:00:00","relationshipType":0,"isOnlyVehicle":false,"creditScore":46.0,"lapseScore":3.0,"lossRatioScore":34.0,"staff":false,"staffIsDirector":false,"criminal":false,"cashBackOption":0,"contentsCover":false,"Age":31.0}],"organisations":null,"cars":[{"premiumDetails":{"excessAmount":0.0,"personalLinePremium":0.0,"sasriaAmount":0.0,"totalPremium":0.0,"vatAmount":0.0},"carId":"4eee7590-3135-45b3-a870-47d83c64e1b7","regularDriver":{"dateOfBirth":"1987-02-02T00:00:00","firstName":"Priyal","identityNumber":"8702029176099","initials":"P","surname":"Duplusis","gender":1,"identityDocumentType":0,"language":0,"maritalStatus":2,"nationality":1,"title":1,"isPensioner":false,"longStandingClient":false,"cardIssueNumber":null,"certificateNumber":null,"licenseExpiryDate":"2020-08-11T09:14:04","licenseIssueDate":"2010-08-11T09:14:04","hasComprehensiveInsurance":false,"licenceEndorsement":false,"loadLicence":false,"comprehensiveInsuranceDuration":0,"lastAccidentClaim":0,"lastStolenClaim":0,"licenseCode":6,"licenceRestriction":0,"licenceType":2,"professionalDrivingPermitCategory":0,"professionalDrivingPermitDateValidUntil":"0001-01-01T00:00:00","relationshipType":0,"isOnlyVehicle":false,"creditScore":46.0,"lapseScore":3.0,"lossRatioScore":34.0,"staff":false,"staffIsDirector":false,"criminal":false,"cashBackOption":0,"contentsCover":false,"Age":31.0},"registeredOwner":{"dateOfBirth":"1987-02-02T00:00:00","firstName":"Priyal","identityNumber":"8702029176099","initials":"P","surname":"Duplusis","gender":1,"identityDocumentType":0,"language":0,"maritalStatus":2,"nationality":1,"title":1,"isPensioner":false,"longStandingClient":false,"cardIssueNumber":null,"certificateNumber":null,"licenseExpiryDate":"2020-08-11T09:14:04","licenseIssueDate":"2010-08-11T09:14:04","hasComprehensiveInsurance":false,"licenceEndorsement":false,"loadLicence":false,"comprehensiveInsuranceDuration":0,"lastAccidentClaim":0,"lastStolenClaim":0,"licenseCode":6,"licenceRestriction":0,"licenceType":2,"professionalDrivingPermitCategory":0,"professionalDrivingPermitDateValidUntil":"0001-01-01T00:00:00","relationshipType":0,"isOnlyVehicle":false,"creditScore":46.0,"lapseScore":3.0,"lossRatioScore":34.0,"staff":false,"staffIsDirector":false,"criminal":false,"cashBackOption":0,"contentsCover":false,"Age":31.0},"mmCode":"22084101","year":2016,"make":"FORD","model":"KUGA 1.5 ECOBOOST AMBIENTE","series":null,"carItemNumber":"0","vehicleKilometer":0,"vehicleCondition":0,"colour":"white","isNewCar":false,"isFinanced":false,"financeCode":17,"financeHouse":null,"usage":8,"monthlyBusinessUse":0,"radioSumInsured":0,"performanceModification":false,"registrationNumber":null,"vinNumber":"52342212345","engineNumber":"23454323443","carhireOption":6,"creditShortfall":null,"waiverExcess":false,"hasHailCover":false,"coverEffectiveDate":"2018-10-05T00:00:00+02:00","sumInsured":245350.0,"hasTrackingDevice":1,"noClaimBonusYears":0,"residentSuburb":"","residentCode":4051,"isGateLocked":false,"parkedUnderCarport":false,"hasImmobiliser":true,"owner":0,"parkedOvernight":8,"canopyCover":false,"canopySuminsured":0.0,"carPhoneSuminsured":0.0,"isCourtesyVehicle":false,"alarm":30,"existingDamage":false,"carryGoods":false,"isCodeIII":false,"isRebuild":false,"versionDate":"2018-10-05T00:00:00+02:00","cover":1,"isExistingItem":false,"excessOption":1,"noClaims12":0,"noClaims24":0,"noClaims36":0,"noOfClaims":0,"extrasValue":0.0,"policyFrequency":1,"discountDetails":{"discountType":0,"discountAmount":0.0,"discountLoading":1,"discountDiscretionary":false,"discountExpiryDate":"0001-01-01T00:00:00"},"coverOption":5,"currentExcess":0.0,"VolExcess":0.0,"userAmount":0.0,"userTime":"2018-10-05T10:42:01.0850259+02:00","source":null,"itemStatus":1,"excessOptionChanged":false,"transmission":1,"newVehicle":false,"radius":15,"BusinessCategory":14,"driverType":1,"commodityCarrying":6,"crossBorder":1,"businessNature":1}],"buildings":[],"contents":[{"contentsAddressId":"de0d8914-43cf-464f-b1e0-2b3db2def358","contentsId":"08a7feca-7aa8-4402-9aee-759fc5865d36","applianceBreakdown":true,"controlledAccess":1,"highWallCode":17,"NCB":0,"hCoverTypeCode":1,"product":"00000000-0000-0000-0000-000000000000","score":0.0,"ppolFrequency":1,"thatch":3,"buildingComplete":true,"voluntaryExcess":1000.0,"renewalDate":"2019-09-30T22:00:00","policyStartDate":"2018-10-01T22:00:00","effectiveDate":"2018-10-05T00:00:00+02:00","noOfClaims":0,"discountDetails":{"discountType":2,"discountAmount":0.0,"discountLoading":1,"discountDiscretionary":false,"discountExpiryDate":"0001-01-01T00:00:00"},"premiumDetails":{"excessAmount":0.0,"personalLinePremium":0.0,"sasriaAmount":0.0,"totalPremium":0.0,"vatAmount":0.0},"source":null,"versionDate":"2018-10-05T00:00:00+02:00","freePa":0,"homeType":1,"homeArea":1,"wallType":1,"roofType":5,"insuredValue":300000.0,"alarm":2,"burglarBarType":4,"hasSecurityGates":true,"unoccupiedDays":13,"buildingUsage":1,"isCommune":false,"rentedBuilding":false,"hasElectricGates":true,"hasAccessControl":true,"itemNumber":0,"itemStatus":1,"ageOfPolicyHolder":31.0,"legal":false,"contentsFullyFurnished":false,"dwell100Water":2,"noOfClaims36Above5k":1,"noOfRoomMates":3}],"allRisk":[{"allRiskId":"990f225c-45c2-4e7d-a6b0-6383dce8d57f","subsection":0,"itemSumInsured":10000.0,"product":"00000000-0000-0000-0000-000000000000","area":4051,"voluntaryExcess":1500.0,"pPolFrequency":1,"aStorageLocation":1,"renewalDate":"2019-10-01T12:00:00","policyStartDate":"2018-10-01T12:00:00","effectiveDate":"2018-10-05T00:00:00+02:00","discountDetails":{"discountType":2,"discountAmount":0.0,"discountLoading":1,"discountDiscretionary":false,"discountExpiryDate":"0001-01-01T00:00:00"},"premiumDetails":{"excessAmount":0.0,"personalLinePremium":0.0,"sasriaAmount":0.0,"totalPremium":0.0,"vatAmount":0.0},"quoteNumber":"SHL000163883","source":null,"ageOfPolicyHolder":31.0,"itemStatus":1,"versionDate":"2018-10-05T00:00:00+02:00","freePa":null,"itemNumber":0,"productId":"00000000-0000-0000-0000-000000000000"}],"caravanTrailers":null,"addresses":[{"_addressType":2,"addressLine1":"23 Test Street","addressLine2":"DURBAN NORTH","addressLine3":"","addressLine4":"DURBAN","suburb":"","city":"DURBAN","province":"Kwazulu Natal","postalCode":"4051","addressId":"de0d8914-43cf-464f-b1e0-2b3db2def358"}],"contact":null,"computers":null,"watercrafts":null,"motorCycles":null,"userDefinedQuoteId":"09b52589-268a-4d80-afeb-96d248c5224f","itcScores":null,"brokerInformation":{"brokerId":"12345","brokerName":"Liberty","brokerUserId":"Liberty","brokerUsername":"Liberty"},"agentInformation":{"contactNumber":"123121","emailAddress":"","firstName":"","surname":"","userId":"100","username":null},"requestType":2,"personalAccident":null,"personalLiability":[]}